City,Cloudiness,Country,Date,Humidity,Latitude,Longitude,Max Temp (deg.C),Wind Speed (km/hr)
Cape Canaveral,1,US,1553390214,77,28.41,-80.6,19.4,2.1
Albany,1,US,1553390341,43,42.65,-73.75,0.56,4.6
Tautira,40,PF,1553389987,70,-17.73,-149.15,31.0,7.2
Yellowknife,20,CA,1553390257,47,62.45,-114.38,-11.0,4.6
Paamiut,20,GL,1553390178,100,61.99,-49.67,-6.84,4.81
Punta Arenas,75,CL,1553389991,87,-53.16,-70.91,11.7,1.5
Saint-Philippe,1,CA,1553390187,50,45.36,-73.48,0.0,7.2
Pozo Colorado,56,PY,1553390379,71,-23.49,-58.8,25.1,2.16
Bluff,0,AU,1553390370,63,-23.58,149.07,28.8,2.51
Xiongyue,0,CN,1553390381,41,40.18,122.12,5.31,6.71
Mataura,92,NZ,1553390099,51,-46.19,168.86,21.6,2.66
Bambous Virieux,75,MU,1553390039,88,-20.34,57.76,27.0,6.2
Hami,0,CN,1553390291,42,42.84,93.51,-0.141,3.76
Vardo,1,US,1553390178,35,39.62,-77.74,8.0,5.1
Atuona,64,PF,1553390261,99,-9.8,-139.03,28.1,7.46
Odessa,0,US,1553390151,20,31.85,-102.37,24.4,1.5
Butaritari,76,KI,1553390384,100,3.07,172.79,26.7,3.91
Lander,1,US,1553390186,39,42.83,-108.73,11.0,5.1
Port Alfred,0,ZA,1553390053,96,-33.59,26.89,23.3,7.41
Qaanaaq,20,GL,1553390385,78,77.48,-69.36,-32.4,4.91
Hongjiang,100,CN,1553390385,100,27.21,109.83,6.31,2.06
Kirakira,64,SB,1553390210,100,-10.46,161.92,28.5,4.81
Ushuaia,40,AR,1553385600,62,-54.81,-68.31,12.0,4.1
Rikitea,80,PF,1553390386,97,-23.12,-134.97,26.5,7.91
Bethanien,0,NA,1553390387,29,-26.5,17.16,18.5,1.86
Byron Bay,0,AU,1553390130,66,-28.65,153.62,32.2,3.6
Pisco,75,PE,1553385600,78,-13.71,-76.2,22.0,8.7
Bredasdorp,92,ZA,1553389304,83,-34.53,20.04,21.0,2.1
Tuktoyaktuk,75,CA,1553389200,78,69.44,-133.03,-9.0,10.8
Hermanus,68,ZA,1553390191,95,-34.42,19.24,17.2,1.31
Pangnirtung,76,CA,1553390184,67,66.15,-65.72,-16.9,12.36
Concordia,0,AR,1553390212,77,-31.4,-58.02,18.3,1.21
Busselton,12,AU,1553390361,44,-33.64,115.35,18.3,5.96
Fortuna,0,ES,1553390120,81,38.18,-1.13,13.0,2.1
Wajir,0,KE,1553390237,52,1.75,40.07,27.3,5.66
Huarmey,36,PE,1553390392,68,-10.07,-78.15,21.9,1.66
Castro,90,CL,1553385600,76,-42.48,-73.76,12.0,2.1
Nizhniy Tsasuchey,0,RU,1553390345,52,50.52,115.13,-3.79,6.01
Haines Junction,68,CA,1553390147,57,60.75,-137.51,4.96,2.51
Luderitz,48,NA,1553390394,94,-26.65,15.16,14.7,4.16
Abbeville,56,FR,1553390225,70,50.11,1.83,8.33,7.2
Soyo,80,AO,1553390395,97,-6.13,12.37,24.1,1.31
Delray Beach,40,US,1553390174,56,26.46,-80.07,23.3,2.6
Barrow,24,AR,1553390396,85,-38.31,-60.23,14.4,5.71
Puerto Escondido,20,MX,1553384460,74,15.86,-97.07,28.0,2.6
Birjand,0,IR,1553385600,70,32.86,59.22,7.0,4.1
Tubuala,20,PA,1553390359,69,9.52,-79.03,28.3,3.6
Severo-Kurilsk,88,RU,1553390104,99,50.68,156.12,-1.09,8.71
Kloulklubed,75,PW,1553388600,66,7.04,134.26,29.0,4.1
Hithadhoo,92,MV,1553390242,100,-0.6,73.08,30.1,3.46
Honiara,76,SB,1553390399,90,-9.43,159.96,27.1,1.21
Cape Town,0,ZA,1553390292,93,-33.93,18.42,21.1,3.1
Eureka,1,US,1553390329,76,40.8,-124.16,13.9,3.1
Namatanai,36,PG,1553390211,100,-3.66,152.44,28.0,2.31
Turukhansk,88,RU,1553390183,90,65.8,87.96,-6.59,2.51
Ambon,0,FR,1553390355,87,47.55,-2.56,8.33,3.6
Jamestown,80,AU,1553390402,70,-33.21,138.6,22.2,6.36
Moree,40,AU,1553390175,31,-29.46,149.84,33.9,5.7
Alice Springs,40,AU,1553387400,38,-23.7,133.88,31.0,3.6
Alta Floresta,24,BR,1553390219,90,-9.87,-56.08,25.1,0.81
Faya,0,SA,1553385600,54,18.39,42.45,15.0,2.6
Salalah,40,OM,1553385000,78,17.01,54.1,26.0,3.6
Reshetylivka,0,UA,1553390405,88,49.56,34.08,-2.39,3.01
Chuy,8,UY,1553390107,81,-33.69,-53.46,18.5,5.06
Tasiilaq,0,GL,1553388600,47,65.61,-37.64,-11.0,1.5
Vila Velha,75,BR,1553390299,94,-3.71,-38.6,26.1,1.5
San Isidro,12,PH,1553390408,71,16.74,121.63,23.7,1.51
Rapid Valley,90,US,1553390405,100,44.06,-103.15,8.33,2.1
Coquimbo,20,CL,1553385600,87,-29.95,-71.34,14.0,3.6
Tessalit,48,ML,1553390281,15,20.2,1.01,18.5,3.91
Ancud,90,CL,1553385600,76,-41.87,-73.83,12.0,2.1
Takoradi,8,GH,1553390275,100,4.89,-1.75,27.4,2.46
Kruisfontein,76,ZA,1553390124,83,-34.0,24.73,18.9,1.76
Aklavik,20,CA,1553389200,62,68.22,-135.01,-5.0,5.7
Leninskoye,0,RU,1553387400,90,54.82,82.85,0.0,3.0
Georgetown,20,GY,1553385600,74,6.8,-58.16,28.0,4.1
Codrington,40,AU,1553390130,66,-28.95,153.24,31.1,1.5
Saldanha,0,PT,1553390305,68,41.42,-6.55,7.11,2.21
Skjervoy,92,NO,1553390414,100,70.03,20.97,1.91,3.46
Pingshan,92,CN,1553390415,76,28.83,104.35,9.11,1.86
Avarua,76,CK,1553387400,94,-21.21,-159.78,26.0,7.2
Hobart,20,AU,1553390415,64,-42.88,147.33,21.1,4.6
Beringovskiy,88,RU,1553390132,94,63.05,179.32,-10.7,8.86
Sao Filipe,0,CV,1553390416,98,14.9,-24.5,21.1,5.91
Goure,0,NE,1553390417,18,13.98,10.27,28.8,6.81
Nanortalik,80,GL,1553390417,100,60.14,-45.24,-5.59,3.46
Banjar,92,ID,1553390320,97,-7.37,108.54,23.3,1.56
Grindavik,75,IS,1553390198,100,63.84,-22.43,1.0,2.1
Katsuura,20,JP,1553390317,57,33.93,134.5,9.44,4.1
Suez,0,EG,1553390419,85,29.97,32.54,11.9,2.36
Lavrentiya,92,RU,1553390192,100,65.58,-170.99,-7.74,6.56
Dikson,76,RU,1553390420,93,73.51,80.55,-7.64,10.31
General Roca,0,AR,1553385600,32,-39.03,-67.58,21.0,1.5
Bavly,36,RU,1553390420,82,54.4,53.24,-6.79,1.86
Hilo,40,US,1553390415,61,19.71,-155.08,27.2,6.2
Buchanan,20,LR,1553389200,94,5.88,-10.05,25.0,1.5
Carnarvon,76,ZA,1553390422,21,-30.97,22.13,21.0,2.11
Thompson,5,CA,1553385600,47,55.74,-97.86,-11.0,6.2
Richards Bay,44,ZA,1553390423,95,-28.77,32.06,21.2,3.51
Airai,24,TL,1553390423,69,-8.93,125.41,26.0,0.96
Vila Franca do Campo,75,PT,1553390214,76,37.72,-25.43,13.0,9.8
Sovetsk,0,RU,1553390424,74,55.08,21.89,3.26,6.66
Diu,0,IN,1553390425,51,20.71,70.98,19.0,2.41
New Norfolk,20,AU,1553390115,64,-42.78,147.06,21.1,4.6
Chokurdakh,36,RU,1553390270,72,70.62,147.9,-21.2,1.96
Leningradskiy,80,RU,1553390426,90,69.38,178.42,-20.0,9.06
Hasaki,20,JP,1553390294,45,35.73,140.83,10.0,4.1
Puerto Ayora,20,EC,1553389279,78,-0.74,-90.35,28.0,4.6
Wageningen,90,NL,1553390424,93,51.98,5.66,6.67,1.5
Hohhot,0,CN,1553385600,49,40.81,111.65,-4.0,1.0
Bobrovka,80,RU,1553390428,96,52.3,45.54,-0.791,2.61
Ca Mau,68,VN,1553390384,96,9.18,105.15,26.3,3.91
Christchurch,8,NZ,1553390404,64,-43.53,172.64,21.7,3.6
Vila,0,IT,1553390183,77,45.18,8.4,12.8,3.1
Ponta Delgada,75,PT,1553390272,76,37.73,-25.67,13.0,9.8
Lebu,20,ET,1553385600,44,8.96,38.73,16.0,3.1
Marovoay,40,MG,1553389200,94,-16.11,46.64,25.0,2.1
Saint Anthony,1,US,1553390310,75,43.97,-111.68,7.78,3.6
Kodiak,90,US,1553390259,83,39.95,-94.76,13.0,4.1
Seybaplaya,5,MX,1553388180,69,19.65,-90.67,26.0,5.1
Norman Wells,75,CA,1553385600,64,65.28,-126.83,1.0,6.7
Raudeberg,92,NO,1553390404,80,61.99,5.14,5.0,9.3
Vao,88,EE,1553390236,95,59.1,26.19,1.36,4.91
Nabire,0,ID,1553390434,86,-3.36,135.5,24.8,0.81
Guerrero Negro,0,MX,1553390434,57,27.97,-114.04,19.6,5.61
Ilulissat,56,GL,1553388600,54,69.22,-51.1,-17.0,9.3
Saskylakh,0,RU,1553390435,35,71.97,114.09,-31.1,1.31
Kahului,75,US,1553390034,73,20.89,-156.47,28.0,6.2
Ahuimanu,75,US,1553390423,48,21.44,-157.84,28.0,7.2
Longkou,0,CN,1553390436,88,37.64,120.47,4.06,8.26
Kaeo,56,NZ,1553389684,77,-35.1,173.78,21.7,0.89
Avera,1,US,1553390405,47,33.19,-82.53,14.4,1.5
Tiksi,64,RU,1553390438,77,71.64,128.87,-15.3,1.81
Praia da Vitoria,75,PT,1553390235,76,38.73,-27.07,13.0,12.51
Ribeira Grande,56,PT,1553390439,100,38.52,-28.7,14.4,11.56
Pevek,0,RU,1553390219,78,69.7,170.27,-22.1,0.76
Keflavik,75,IS,1553390198,100,64.0,-22.56,1.0,2.1
Mount Gambier,90,AU,1553388900,82,-37.83,140.78,19.0,5.1
Yerbogachen,44,RU,1553390440,60,61.28,108.01,-14.0,2.86
Rio Rancho,40,US,1553390433,18,35.27,-106.63,17.2,6.7
Businga,12,CD,1553390441,69,3.34,20.89,25.0,2.16
Sept-Iles,90,CA,1553390315,63,50.2,-66.38,-1.67,3.1
Gamba,0,CN,1553390357,26,28.28,88.52,-26.9,1.01
Karratha,64,AU,1553390443,57,-20.74,116.85,28.8,16.51
Isangel,90,VU,1553385600,79,-19.55,169.27,29.0,2.1
Muzhi,36,RU,1553390307,68,65.4,64.7,-11.1,4.01
Oudtshoorn,64,ZA,1553389200,100,-33.59,22.2,15.0,1.5
Havre,1,US,1553390170,70,48.55,-109.68,11.1,2.6
Jumla,0,NP,1553390445,90,29.28,82.18,-5.04,1.21
Maceio,20,BR,1553389200,88,-9.67,-35.74,26.0,1.0
Hambantota,0,LK,1553386200,100,6.12,81.12,23.0,1.5
Vaini,0,IN,1553385600,60,15.34,74.49,20.0,0.41
Fasa,90,IR,1553385600,100,28.94,53.65,9.0,1.21
Koshurnikovo,68,RU,1553390447,86,54.3,93.39,-4.44,1.01
Emerald,40,AU,1553390187,62,-23.53,148.16,30.0,2.6
Inhambane,68,MZ,1553390168,90,-23.87,35.38,25.1,5.11
Dejen,0,ET,1553390448,62,10.16,38.15,14.6,0.71
Cabo San Lucas,5,MX,1553390220,53,22.89,-109.91,24.0,3.6
Gornopravdinsk,64,RU,1553390449,89,60.06,69.92,-2.49,1.51
Kadaya,0,RU,1553390450,49,50.93,119.29,-5.89,3.86
Santa Eulalia,8,GT,1553390450,66,15.73,-91.46,17.9,0.91
Iqaluit,90,CA,1553389966,77,63.75,-68.52,-14.0,13.4
Ponta do Sol,68,BR,1553390451,87,-20.63,-46.0,21.1,1.26
Nakamura,20,JP,1553390165,82,35.17,136.87,10.6,6.2
Te Anau,68,NZ,1553390452,62,-45.41,167.72,18.4,3.46
Cherskiy,20,RU,1553390159,68,68.75,161.3,-15.1,0.96
Sakiai,0,LT,1553388600,86,54.95,23.04,4.0,4.6
Lompoc,75,US,1553390171,67,34.64,-120.46,18.0,9.8
Hofn,76,IS,1553390285,100,64.25,-15.21,4.11,9.96
Jalu,0,LY,1553390455,68,29.03,21.55,16.1,4.81
Muros,0,ES,1553390450,69,42.77,-9.06,13.9,5.01
Batagay,24,RU,1553390456,64,67.65,134.64,-18.1,1.31
Ahipara,0,NZ,1553390184,74,-35.17,173.16,23.1,2.21
Elko,90,US,1553390404,65,40.83,-115.76,8.0,4.1
Padang,76,ID,1553390279,100,-0.92,100.36,25.9,2.56
Ulaangom,0,MN,1553390378,59,49.98,92.07,-19.4,1.06
Ostrovnoy,0,RU,1553390458,85,68.05,39.51,-0.791,9.41
Husavik,0,CA,1553390425,84,50.56,-96.99,4.44,3.13
Millinocket,56,US,1553390404,63,45.66,-68.71,1.11,9.8
Leshukonskoye,88,RU,1553390460,81,64.9,45.76,0.359,5.01
Kavaratti,8,IN,1553390163,100,10.57,72.64,28.5,4.76
Namibe,8,AO,1553390281,100,-15.19,12.15,25.6,1.86
Biloela,0,AU,1553390461,67,-24.4,150.51,27.9,1.91
Bagdarin,0,RU,1553390278,49,54.44,113.59,-10.3,3.91
Pleasanton,1,US,1553390417,58,37.66,-121.87,16.7,4.6
Miraflores,88,CO,1553390463,94,5.2,-73.14,12.6,0.86
Miles City,20,US,1553390227,54,46.41,-105.84,13.0,2.1
Mar del Plata,0,AR,1553390191,81,-46.43,-67.52,12.3,1.86
Mapiri,80,BO,1553390176,100,-15.31,-68.22,12.5,0.71
Lasa,0,CY,1553390143,76,34.92,32.53,12.0,1.0
Faanui,8,PF,1553390218,100,-16.48,-151.75,29.1,4.31
Raymondville,90,US,1553390450,93,37.34,-91.83,9.0,3.1
Mahebourg,75,MU,1553390340,88,-20.41,57.7,27.0,6.2
Vestmannaeyjar,44,IS,1553390224,100,63.44,-20.27,2.56,10.16
Thinadhoo,48,MV,1553390467,100,0.53,72.93,29.1,3.41
Torbay,90,CA,1553390306,100,47.66,-52.73,3.33,6.7
Constantine,20,DZ,1553389200,93,36.36,6.61,6.0,0.86
Astana,90,KZ,1553387400,100,51.13,71.43,1.0,3.0
Bezhanitsy,100,RU,1553390469,94,56.97,29.88,5.66,6.96
Alofi,68,NU,1553385600,61,-19.06,-169.92,28.0,5.7
Brikama,0,GM,1553389200,77,13.27,-16.65,20.0,3.1
Carutapera,92,BR,1553390304,90,-1.2,-46.02,26.0,3.41
East London,0,ZA,1553390217,91,-33.02,27.91,24.5,10.96
Bonfim,75,BR,1553385600,73,-20.33,-44.24,22.0,4.6
Vanimo,48,PG,1553390259,98,-2.67,141.3,28.4,4.31
Ostersund,36,SE,1553389909,80,63.18,14.64,-1.0,8.2
Manggar,80,ID,1553390390,100,-2.88,108.27,25.0,2.36
Keningau,75,MY,1553387400,83,5.33,116.16,28.0,1.0
Big Spring,1,US,1553390412,31,32.25,-101.48,22.0,3.1
Cedar City,90,US,1553390143,50,37.68,-113.06,11.0,6.7
Victoria,75,BN,1553387400,88,5.28,115.24,28.0,1.96
Caraquet,90,CA,1553390160,74,47.79,-64.94,1.0,3.1
Mahon,40,IE,1553387400,80,51.89,-8.4,5.0,3.6
Aswan,0,EG,1553385600,22,24.09,32.9,26.0,4.6
Fethiye,0,TR,1553390379,31,36.62,29.12,16.0,10.8
Osakarovka,92,KZ,1553390478,97,50.56,72.58,2.11,2.86
Arraial do Cabo,56,BR,1553390335,88,-22.97,-42.02,26.1,4.31
Tefe,32,BR,1553390479,91,-3.35,-64.71,26.9,1.16
Nuuk,20,GL,1553388600,55,64.17,-51.74,-12.0,10.3
Rafaela,0,AR,1553390130,58,-31.25,-61.49,21.1,0.89
Nikolskoye,90,RU,1553390435,86,59.7,30.79,4.0,3.0
Obzor,0,BG,1553390111,86,42.82,27.88,4.44,1.0
Rome,0,IT,1553390404,53,41.89,12.48,13.3,1.5
Bethel,40,US,1553385360,65,60.79,-161.76,7.0,5.7
Port Elizabeth,1,US,1553390376,45,39.31,-74.98,9.0,4.6
Kapaa,90,US,1553390297,78,22.08,-159.32,26.0,7.7
Laguna,0,MX,1553390483,21,27.52,-110.01,28.7,2.61
Tuatapere,68,NZ,1553390224,72,-46.13,167.69,19.5,3.86
Coria,0,ES,1553390351,57,39.98,-6.54,13.3,2.24
Mayo,75,CA,1553389200,30,63.59,-135.9,15.0,3.1
Pacific Grove,40,US,1553390482,58,36.62,-121.92,17.0,4.6
Victoria,75,BN,1553387400,88,5.28,115.24,28.0,1.96
Lumeje,24,AO,1553390486,66,-11.56,20.78,21.8,3.11
Choya,12,RU,1553390487,59,52.01,86.55,-8.69,0.96
Yulara,20,AU,1553385600,30,-25.24,130.99,30.0,5.1
Geraldton,20,CA,1553389200,26,49.72,-86.95,7.0,3.1
Meulaboh,88,ID,1553390488,100,4.14,96.13,24.9,1.81
Ballina,20,IE,1553390224,89,54.11,-9.15,6.67,0.89
Upernavik,24,GL,1553390255,100,72.79,-56.15,-23.6,3.91
Yudong,0,KR,1553385600,52,35.16,126.9,6.0,1.5
Alpena,1,US,1553390456,38,45.06,-83.43,4.0,2.1
Kaitangata,76,NZ,1553390491,72,-46.28,169.85,19.7,1.96
Salta,75,AR,1553389200,88,-24.79,-65.41,17.0,1.5
Marienberg,88,DE,1553390482,86,50.65,13.16,8.89,3.1
Sikonge,48,TZ,1553390492,97,-5.63,32.75,16.9,1.51
Srednekolymsk,12,RU,1553390238,72,67.46,153.71,-10.9,1.16
College,20,US,1553390407,45,64.86,-147.8,12.0,3.1
Bintulu,75,MY,1553385600,94,3.17,113.03,26.0,1.5
Tucuman,0,PE,1553390494,69,-17.17,-70.89,16.0,0.96
Punta de Bombon,0,PE,1553390494,100,-17.17,-71.79,20.4,2.21
Sukhobezvodnoye,12,RU,1553390494,76,57.05,44.89,-7.09,1.96
Lagoa,0,PT,1553390228,82,37.14,-8.45,14.4,4.1
Shingu,40,JP,1553385600,57,33.72,135.99,9.0,5.7
Chunskiy,68,RU,1553390496,77,56.08,99.63,-7.64,1.06
Esperance,20,TT,1553390408,78,10.24,-61.45,26.1,4.6
Atbasar,88,KZ,1553390497,90,51.81,68.36,-1.14,1.86
Tarakan,40,ID,1553385600,88,3.3,117.63,26.0,2.1
Hatillo,90,PR,1553390259,83,18.49,-66.83,24.4,5.11
Kavieng,64,PG,1553390499,99,-2.57,150.8,29.0,2.86
Leh,76,IN,1553390499,79,34.16,77.58,-17.3,0.76
Zaysan,0,KZ,1553390367,59,47.47,84.87,-9.79,1.01
Suhbaatar,44,MN,1553390302,80,50.23,106.21,-5.39,1.26
Inongo,92,CD,1553390500,100,-1.93,18.29,22.0,1.76
Sri Aman,40,MY,1553385600,94,1.24,111.46,26.0,0.5
Souillac,0,FR,1553390289,71,45.6,-0.6,10.0,1.5
Beroroha,0,MG,1553390501,95,-21.68,45.17,20.4,1.81
Sayyan,0,YE,1553390502,85,15.17,44.32,7.96,0.51
Tilichiki,0,RU,1553390503,80,60.47,166.1,-12.4,1.76
Rubtsovsk,12,RU,1553390503,66,51.53,81.22,-6.19,2.96
Saint-Leu,0,RE,1553390417,78,-21.15,55.28,27.0,3.1
Chapleau,5,CA,1553389200,47,47.85,-83.4,1.0,3.6
Andradina,0,BR,1553390505,63,-20.89,-51.38,25.5,3.21
Ryotsu,75,JP,1553385600,74,38.08,138.43,3.0,10.3
Piracuruca,76,BR,1553390505,91,-3.93,-41.72,24.5,2.86
Fetsund,0,NO,1553390418,44,59.92,11.16,3.89,2.6
Acajutla,48,SV,1553390435,57,13.59,-89.83,25.0,2.24
Timbuktu,92,ML,1553390507,30,16.77,-3.01,23.0,1.31
Sitka,0,US,1553390183,54,37.17,-99.65,13.9,6.01
Poli,76,CM,1553390508,68,8.48,13.24,24.1,1.31
Huaihua,100,CN,1553390476,99,27.56,109.96,6.21,1.76
Bom Jardim,40,BR,1553385600,83,-7.8,-35.59,25.0,4.1
Cidreira,0,BR,1553390491,93,-30.17,-50.22,17.9,3.06
Matara,24,PE,1553390510,89,-13.74,-72.9,8.26,0.81
Henderson,1,US,1553390405,22,36.04,-114.98,22.0,8.7
Puerto Guzman,48,BO,1553390511,89,-14.32,-67.54,22.6,0.81
Quang Ngai,92,VN,1553390304,96,15.12,108.8,22.4,0.96
Deputatskiy,0,RU,1553390512,48,69.3,139.9,-23.3,1.21
Braintree,20,GB,1553390491,81,51.88,0.55,6.0,1.5
Lima,0,PE,1553390107,83,-12.06,-77.04,22.8,6.2
Martapura,20,ID,1553385600,94,-3.41,114.85,25.0,1.5
Serebryanyy Bor,88,RU,1553390514,76,56.8,124.8,-10.9,1.61
Krasnyy Kut,92,RU,1553390514,90,47.1,40.67,1.06,3.11
Tingi,64,TZ,1553390515,100,-11.3,35.03,24.8,2.41
Aanekoski,0,FI,1553390023,64,62.6,25.73,1.0,2.6
Necochea,0,AR,1553390190,71,-38.55,-58.74,16.1,3.51
Kidal,88,ML,1553390454,15,18.44,1.41,22.2,2.11
Kotka,0,FI,1553390476,90,60.47,26.95,0.0,3.6
Campo Bom,0,BR,1553390504,82,-29.67,-51.06,21.0,3.6
Porto Novo,75,BR,1553385600,78,-23.68,-45.44,22.0,2.1
Tevaitoa,8,PF,1553390518,100,-16.78,-151.5,29.2,4.71
Fort-Shevchenko,0,KZ,1553390519,99,44.51,50.26,5.11,5.91
Bulungu,92,CD,1553390520,97,-4.54,18.6,21.7,2.66
Yarensk,88,RU,1553390521,88,62.17,49.09,-0.391,4.61
Talnakh,64,RU,1553390412,81,69.49,88.39,-14.7,2.76
Lucapa,56,AO,1553390521,94,-8.42,20.74,20.6,1.21
Cayenne,20,GF,1553387400,83,4.94,-52.33,26.0,2.1
Wattegama,56,LK,1553390522,87,7.35,80.68,19.2,1.16
Belmonte,0,PT,1553390318,53,40.36,-7.35,12.8,0.45
Bathsheba,40,BB,1553385600,74,13.22,-59.52,26.0,8.2
Seoul,1,KR,1553388600,55,37.57,126.98,6.0,1.5
Itarema,64,BR,1553390314,95,-2.92,-39.92,24.4,1.61
Terrace Bay,0,CA,1553390527,86,48.78,-87.1,1.01,8.46
Gat,0,SN,1553389200,82,14.69,-16.54,18.0,6.7
Kihei,75,US,1553390246,73,20.76,-156.45,28.0,6.2
Beloha,12,MG,1553390529,79,-25.17,45.06,23.8,6.96
Palmer,0,AU,1553390484,60,-34.85,139.16,25.0,4.6
Dingle,56,PH,1553390408,74,11.0,122.67,25.3,6.56
Lincoln,1,US,1553390297,76,40.8,-96.67,10.6,6.2
Madang,92,PG,1553390530,100,-5.21,145.81,23.8,1.66
Xiaolingwei,76,CN,1553390526,87,32.03,118.85,13.3,2.0
Caborca,0,MX,1553390437,18,30.58,-111.1,23.9,3.58
Yar-Sale,8,RU,1553390532,76,66.83,70.83,-13.6,1.76
Moerai,88,PF,1553390240,99,-22.43,-151.33,26.9,4.76
Meadow Lake,20,CA,1553385600,69,54.13,-108.44,4.0,7.7
Truth or Consequences,1,US,1553390218,9,33.13,-107.25,21.0,4.1
Querfurt,75,DE,1553390494,93,51.38,11.6,8.89,2.6
Marsh Harbour,0,BS,1553390242,100,26.54,-77.06,22.9,4.21
Yomou,76,GN,1553390534,94,7.57,-9.26,21.6,1.41
Hope,1,CA,1553390252,50,49.38,-121.43,15.0,1.5
Kiama,68,AU,1553390115,65,-34.67,150.86,28.3,3.6
Praia,75,BR,1553385600,73,-20.25,-43.81,22.0,4.6
Salmon Arm,36,CA,1553390313,52,50.7,-119.29,13.3,0.56
Camacha,20,PT,1553387400,72,33.08,-16.33,16.0,3.1
Clovis,20,US,1553390354,48,36.83,-119.7,19.0,4.1
Bowen,40,AU,1553390471,78,-20.01,148.25,31.1,5.1
Mandalgovi,0,MN,1553390538,57,45.76,106.27,-7.89,4.56
Jiaohe,48,CN,1553390539,70,43.72,127.34,-0.441,3.71
Onega,92,RU,1553390540,87,63.91,38.09,0.959,7.36
Neftcala,0,AZ,1553390540,95,39.37,49.25,7.91,3.16
Sokna,0,NO,1553390418,44,60.24,9.92,3.89,2.6
Cabras,56,CO,1553390542,87,5.5,-75.6,18.1,0.61
Merauke,76,ID,1553390543,100,-8.49,140.4,26.2,3.61
Nishihara,20,JP,1553390520,39,35.74,139.53,11.1,4.6
Kalmunai,0,LK,1553390544,98,7.42,81.82,21.2,1.16
Kapit,76,MY,1553390395,96,2.02,112.94,24.1,1.16
Wilmington,1,US,1553390012,26,39.75,-75.55,8.33,3.6
San Cristobal,75,EC,1553390117,87,-0.39,-78.55,14.0,1.0
Saint-Augustin,0,FR,1553390289,81,44.83,-0.61,11.7,1.31
Dunedin,68,NZ,1553390326,71,-45.87,170.5,20.6,3.58
Moose Factory,90,CA,1553389860,79,51.26,-80.61,-3.0,5.7
Zheleznodorozhnyy,24,RU,1553390508,92,55.75,38.0,0.0,1.0
Zunyi,100,CN,1553390548,85,27.73,106.92,4.66,2.61
Lixourion,20,GR,1553390476,63,38.2,20.43,12.8,1.79
Naze,44,NG,1553390549,88,5.43,7.07,24.3,2.46
Zhezkazgan,88,KZ,1553390550,91,47.8,67.71,1.56,1.41
Khash,68,IR,1553390550,99,28.22,61.21,8.16,1.26
Garden City,1,US,1553390483,25,40.73,-73.63,7.22,5.7
San Jose,8,PH,1553390552,72,15.79,120.99,24.1,1.41
Komsomolskiy,88,RU,1553390553,90,67.55,63.78,-6.74,8.16
Flinders,68,AU,1553390115,65,-34.58,150.85,32.2,3.6
Manaure,0,CO,1553390291,87,11.78,-72.45,26.6,10.31
Shiyan,80,CN,1553390557,62,32.65,110.78,4.51,1.21
Waipawa,0,NZ,1553390334,57,-39.94,176.59,22.3,1.56
Kovrov,0,RU,1553390558,69,56.37,41.31,-8.29,1.31
Paracuru,75,BR,1553390299,94,-3.41,-39.03,26.1,1.5
Dembi Dolo,64,ET,1553390559,64,8.53,34.8,21.7,1.21
Payo,92,ID,1553390560,99,-3.75,103.64,22.5,1.96
Sawtell,40,AU,1553390307,52,-30.38,153.1,32.2,5.1
Dongning,56,CN,1553390560,57,44.06,131.12,-1.49,2.71
Portobelo,20,PA,1553390359,69,9.55,-79.65,28.3,3.6
Blackwater,40,GB,1553390550,80,51.33,-0.78,7.78,1.91
Tibiri,0,NE,1553390562,26,13.59,7.06,24.7,5.01
Bom Jesus,92,BR,1553390563,98,-9.08,-44.36,21.8,1.71
Orlik,80,RU,1553390563,72,52.51,99.83,-6.64,2.16
Opuwo,44,NA,1553390564,71,-18.06,13.84,19.3,0.96
Lethem,0,GY,1553390564,41,3.38,-59.8,31.5,6.86
Olean,1,US,1553390413,54,42.08,-78.43,-0.56,3.6
Hovd,75,NO,1553390465,64,63.83,10.7,3.89,11.8
Linjiang,0,CN,1553390566,59,41.81,126.91,-2.14,4.71
Clyde River,90,CA,1553389200,75,70.47,-68.59,-26.0,8.2
Anloga,20,GH,1553389200,83,5.79,0.9,28.0,4.6
Belturbet,8,GB,1553390404,79,54.1,-7.44,5.0,3.31
Portland,40,US,1553390428,50,45.52,-122.67,14.4,4.6
Bollnas,0,SE,1553390569,50,61.35,16.39,1.71,5.76
Upata,0,VE,1553390569,39,8.02,-62.41,28.6,4.36
Mpika,64,ZM,1553390570,96,-11.84,31.4,17.9,2.86
Mahajanga,40,MG,1553389200,94,-15.72,46.32,25.0,2.1
Feijo,75,EC,1553385600,94,-3.63,-79.92,32.0,0.96
Phuket,20,TH,1553387400,74,7.89,98.4,28.0,1.0
Auki,0,NG,1553390572,31,12.18,6.51,23.2,2.86
Praid,0,RO,1553389200,56,46.55,25.12,0.0,3.1
Provideniya,88,RU,1553390573,100,64.42,-173.23,-6.89,9.31
Berlevag,8,NO,1553390574,100,70.86,29.09,-3.14,4.21
Panukulan,24,PH,1553390574,95,14.93,121.81,26.0,6.71
Sabratah,88,LY,1553390575,100,32.79,12.49,15.1,5.86
Davila,20,PH,1553385600,69,18.47,120.58,27.0,0.5
Umm Bab,1,QA,1553385360,88,25.21,50.81,21.0,2.6
Shahdadkot,36,PK,1553390576,90,27.85,67.91,18.3,1.16
Deniliquin,92,AU,1553390330,70,-35.53,144.96,21.0,5.41
Aksarka,20,RU,1553390577,56,66.56,67.8,-16.2,2.31
Kuala Terengganu,75,MY,1553385600,94,5.33,103.14,25.0,1.5
Petropavl,0,KZ,1553390578,61,54.87,69.13,-10.9,1.41
Krotoszyn,0,PL,1553390551,87,51.7,17.44,9.44,1.79
Bossangoa,24,CF,1553390579,46,6.5,17.45,28.7,4.76
Nagua,40,DO,1553385600,78,19.37,-69.85,26.0,3.31
Traverse City,1,US,1553390283,55,44.76,-85.62,4.0,2.6
Cam Ranh,40,VN,1553387400,83,11.92,109.15,29.0,5.1
Taoudenni,100,ML,1553390581,17,22.68,-3.98,23.2,4.31
Matveyev Kurgan,92,RU,1553390582,87,47.57,38.86,1.61,5.11
Port Lincoln,76,AU,1553390383,93,-34.72,135.86,19.2,4.51
Rocky Mount,1,US,1553390582,52,35.94,-77.8,10.6,2.66
Ambovombe,24,MG,1553390584,94,-25.18,46.09,23.9,6.46
Lieksa,12,FI,1553390419,84,63.32,30.02,-0.841,3.51
Bac,0,RS,1553389200,81,45.39,19.24,3.0,2.1
Nemuro,75,JP,1553385600,68,43.32,145.57,-4.0,3.6
Iquitos,0,PE,1553385600,88,-3.75,-73.25,26.0,1.0
Bay Roberts,90,CA,1553390306,100,47.58,-53.28,3.33,2.6
Ampanihy,0,MG,1553390290,80,-24.69,44.75,22.4,4.96
Luanda,40,AO,1553385600,83,-8.83,13.24,27.0,3.1
Lucea,75,JM,1553390202,78,18.44,-78.17,26.0,3.1
Kuruman,36,ZA,1553390215,52,-27.46,23.43,23.9,0.89
Tomatlan,0,MX,1553390588,45,19.93,-105.25,28.0,1.76
Jieshou,68,CN,1553390588,79,33.26,115.35,7.71,1.61
Zyryanka,32,RU,1553390589,77,65.73,150.89,-13.9,1.41
Copiapo,0,CL,1553385600,77,-27.37,-70.33,16.0,3.6
Pucallpa,75,PE,1553385600,94,-8.38,-74.54,25.0,1.0
Iskateley,88,RU,1553390592,89,67.68,53.15,-0.891,10.31
San Patricio,0,PY,1553390592,74,-26.98,-56.83,19.6,1.71
Mnogovershinnyy,0,RU,1553390592,55,53.94,139.92,-11.4,1.46
Juneau,75,US,1553385360,66,58.3,-134.42,10.0,8.7
Sambava,8,MG,1553390329,100,-14.27,50.17,27.5,6.46
Kaka,0,TM,1553390594,85,37.35,59.62,-1.69,1.16
Ishigaki,75,JP,1553385600,68,24.34,124.16,19.0,6.7
Manaus,0,BR,1553389200,88,-3.13,-59.98,27.0,1.5
Lata,0,IN,1553390595,63,30.78,78.62,4.46,1.26
Manokwari,36,ID,1553390394,99,-0.87,134.08,27.3,2.96
Buraydah,8,SA,1553390596,25,26.33,43.97,12.8,1.46
Khatanga,0,RU,1553390597,28,71.98,102.47,-28.5,1.41
Los Llanos de Aridane,76,ES,1553389505,55,28.66,-17.92,17.0,4.1
Eten,40,PE,1553385600,29,-6.91,-79.86,19.0,6.7
Neuquen,0,AR,1553385600,32,-38.95,-68.06,21.0,1.5
Sakaiminato,75,JP,1553390293,75,35.55,133.23,8.0,3.6
Pahrump,20,US,1553390403,23,36.21,-115.98,20.6,6.2
Narrabri,12,AU,1553385600,26,-30.33,149.78,34.0,8.7
Ciudad Bolivar,0,VE,1553390561,29,8.12,-63.55,31.6,5.96
Chimoio,20,MZ,1553390600,96,-19.11,33.48,20.1,3.21
Shima,20,JP,1553387400,100,34.34,136.82,8.0,6.2
Sioux Lookout,75,CA,1553389200,60,50.1,-91.92,9.0,3.6
Dali,0,CN,1553390602,77,25.6,100.24,11.0,3.16
Roald,40,NO,1553390404,75,62.58,6.12,5.0,9.3
Evensk,0,RU,1553390603,89,61.92,159.24,-3.19,5.86
Kendallville,1,US,1553391300,41,41.44,-85.27,5.0,2.01
Ouallam,80,NE,1553390604,16,14.32,2.08,26.5,3.96
Nizhneudinsk,88,RU,1553390604,81,54.91,99.03,-1.99,1.21
Sur,12,OM,1553390317,95,22.57,59.53,22.3,2.31
Broken Hill,75,AU,1553385600,88,-31.97,141.45,20.0,6.7
Kumluca,0,TR,1553390606,75,36.37,30.29,0.609,0.96
Sisimiut,64,GL,1553390606,82,66.94,-53.67,-25.6,0.81
Novovyazniki,0,RU,1553390606,68,56.2,42.16,-8.14,1.21
Petropavlovsk-Kamchatskiy,75,RU,1553387400,86,53.05,158.65,-1.0,4.0
Khakurinokhabl,0,RU,1553390607,89,45.02,40.23,-1.24,3.76
Yazman,12,SY,1553390608,93,36.74,38.46,8.56,1.61
Tabory,44,PL,1553390383,79,53.89,19.53,4.44,1.34
Powell River,20,CA,1553390524,58,49.84,-124.52,13.3,2.1
Serabu,64,SL,1553390609,72,7.79,-12.05,26.9,1.66
Sinnamary,100,GF,1553390610,96,5.38,-52.96,26.6,5.36
Pontianak,20,ID,1553387400,94,-0.02,109.34,25.0,2.76
Mackay,90,CA,1553389200,75,53.65,-115.58,7.0,3.6
Nizhniy Kuranakh,80,RU,1553390611,85,58.84,125.49,-6.79,1.66
Srandakan,24,ID,1553390611,96,-7.94,110.25,24.0,1.81
Vostok,0,RU,1553390612,49,46.45,135.83,-8.94,1.31
Suda,88,RU,1553390613,92,59.15,37.56,0.509,7.61
Turayf,0,SA,1553385600,71,31.68,38.65,12.0,1.5
Tommot,80,RU,1553390614,85,58.97,126.27,-7.39,1.41
Ola,48,RU,1553390614,93,59.58,151.3,-4.84,9.36
Drawsko Pomorskie,76,PL,1553390502,93,53.53,15.81,4.0,0.5
Jishui,100,CN,1553390615,100,27.23,115.13,8.66,1.96
Altar,0,MX,1553390536,21,30.72,-111.84,23.3,3.13
Ajdabiya,68,LY,1553390616,90,30.75,20.22,13.2,3.31
Broome,80,GB,1553390597,86,52.47,1.45,6.11,0.5
Ulladulla,92,AU,1553390115,65,-35.36,150.48,25.0,3.6
Grand Gaube,75,MU,1553390340,88,-20.01,57.66,27.0,6.2
Savannah Bight,0,HN,1553390618,99,16.45,-85.85,25.7,3.66
Narsaq,24,GL,1553388600,36,60.91,-46.05,-9.0,2.1
Sistranda,75,NO,1553390593,69,63.73,8.83,3.33,17.5
Storforshei,88,NO,1553390602,100,66.4,14.52,1.11,4.47
Matagami,12,NG,1553390620,79,9.67,8.4,22.1,1.01
Cururupu,92,BR,1553390621,87,-1.82,-44.87,26.1,2.41
Plettenberg Bay,88,ZA,1553390621,92,-34.05,23.37,21.1,2.86
Honningsvag,44,NO,1553390622,94,70.98,25.97,-1.29,4.41
Rio Grande,0,BR,1553390564,94,-32.03,-52.1,19.8,4.56
Hokitika,0,NZ,1553390623,92,-42.72,170.96,18.4,2.01
Nome,90,US,1553390616,60,30.04,-94.42,20.0,2.6
Flagstaff,1,US,1553390452,49,35.2,-111.65,17.8,7.2
Adrar,0,DZ,1553389200,28,27.87,-0.29,15.0,5.1
Hamilton,5,CA,1553390431,74,43.26,-79.87,2.22,6.2
Kupang,20,ID,1553385600,70,-10.16,123.6,30.0,2.6
Glasgow,12,GB,1553390534,86,55.86,-4.24,6.11,3.1
Kattivakkam,40,IN,1553387400,88,13.22,80.32,27.0,2.6
Tazovskiy,80,RU,1553390627,95,67.47,78.7,-6.54,2.96
Hashtgerd,75,IR,1553387400,28,35.96,50.69,13.0,3.1
Iwaki,75,JP,1553389405,64,37.05,140.89,2.78,5.7
Shanghai,0,CN,1553390135,57,31.23,121.49,11.7,4.0
Tottori,75,JP,1553385600,81,35.5,134.23,6.0,2.6
Munster,75,DE,1553390537,68,52.99,10.09,5.0,2.86
Henties Bay,12,NA,1553389345,86,-22.12,14.28,17.8,2.24
Khanapur,0,IN,1553385600,60,15.64,74.51,20.0,0.41
Nagutskoye,92,RU,1553387400,86,44.44,42.88,1.0,4.0
Les Cayes,0,HT,1553390631,100,18.19,-73.75,26.1,4.61
Staroutkinsk,92,RU,1553390632,92,57.23,59.33,-0.341,2.31
Simplicio Mendes,56,BR,1553390632,96,-7.85,-41.91,22.5,2.76
Bagua Grande,12,PE,1553390633,82,-5.75,-78.44,18.7,0.86
Boa Viagem,88,BR,1553390634,97,-5.13,-39.73,22.2,1.36
Caravelas,76,BR,1553390634,100,-17.73,-39.27,27.8,7.46
Koumac,44,NC,1553390634,80,-20.56,164.28,27.9,4.06
Chibuto,0,MZ,1553390635,80,-24.69,33.53,22.9,2.96
Jiuquan,0,CN,1553390636,53,39.73,98.49,-12.5,2.11
Bonavista,92,CA,1553390148,87,48.65,-53.11,2.22,2.24
Umkomaas,20,ZA,1553390617,95,-30.21,30.8,20.0,1.66
Elbistan,80,TR,1553390638,93,38.2,37.19,-1.39,1.81
Kununurra,0,AU,1553387400,62,-15.77,128.74,31.0,3.6
Mmabatho,0,ZA,1553389200,52,-25.85,25.61,21.0,5.7
Cortez,90,US,1553390627,46,37.35,-108.58,10.0,3.1
Longyearbyen,20,NO,1553388600,66,78.22,15.63,-9.0,5.7
Bubaque,8,GW,1553390640,100,11.28,-15.83,25.3,6.11
Mount Isa,90,AU,1553387400,74,-20.73,139.49,27.0,9.3
La Mira,0,MX,1553390640,73,18.04,-102.33,27.3,4.36
Santa Rosa,0,AR,1553387340,28,-36.62,-64.29,22.0,4.1
Bud,75,NO,1553390200,100,62.91,6.91,5.0,6.7
Dayong,20,PH,1553390643,100,11.74,122.04,26.1,9.71
Port Hawkesbury,90,CA,1553390444,91,45.62,-61.36,1.67,6.7
Muhos,68,FI,1553390485,59,64.81,26.0,3.0,8.7
Novoagansk,92,RU,1553390645,96,61.94,76.66,-2.19,1.61
Kalevala,0,FI,1553390645,78,64.12,29.58,-1.19,4.21
Brae,92,GB,1553388600,93,60.4,-1.35,7.0,11.8
Sorong,64,ID,1553390646,100,-0.86,131.25,26.9,2.36
Basco,1,US,1553390468,61,40.33,-91.2,11.7,3.6
Port Hardy,75,CA,1553389200,62,50.7,-127.42,11.0,3.6
Katherine,88,AU,1553387400,66,-14.47,132.26,30.0,5.7
